<?xml version="1.0" encoding="UTF-8"?>
<!DOCTYPE mapper PUBLIC "-//mybatis.org//DTD Mapper 3.0//EN" "http://mybatis.org/dtd/mybatis-3-mapper.dtd">
<mapper namespace="com.xj.mall.mapper.CmsPrefrenceAreaProductRelationMapper">
  <resultMap id="BaseResultMap" type="com.xj.mall.model.CmsPrefrenceAreaProductRelation">
    <id column="id" jdbcType="BIGINT" property="id" />
    <result column="prefrence_area_id" jdbcType="BIGINT" property="prefrenceAreaId" />
    <result column="product_id" jdbcType="BIGINT" property="productId" />
  </resultMap>
  <sql id="Example_Where_Clause">
    <where>
      <foreach collection="oredCriteria" item="criteria" separator="or">
        <if test="criteria.valid">
          <trim prefix="(" prefixOverrides="and" suffix=")">
            <foreach collection="criteria.criteria" item="criterion">
              <choose>
                <when test="criterion.noValue">
                  and ${criterion.condition}
                </when>
                <when test="criterion.singleValue">
                  and ${criterion.condition} #{criterion.value}
                </when>
                <when test="criterion.betweenValue">
                  and ${criterion.condition} #{criterion.value} and #{criterion.secondValue}
                </when>
                <when test="criterion.listValue">
                  and ${criterion.condition}
                  <foreach close=")" collection="criterion.value" item="listItem" open="(" separator=",">
                    #{listItem}
                  </foreach>
                </when>
              </choose>
            </foreach>
          </trim>
        </if>
      </foreach>
    </where>
  </sql>
  <sql id="Update_By_Example_Where_Clause">
    <where>
      <foreach collection="example.oredCriteria" item="criteria" separator="or">
        <if test="criteria.valid">
          <trim prefix="(" prefixOverrides="and" suffix=")">
            <foreach collection="criteria.criteria" item="criterion">
              <choose>
                <when test="criterion.noValue">
                  and ${criterion.condition}
                </when>
                <when test="criterion.singleValue">
                  and ${criterion.condition} #{criterion.value}
                </when>
                <when test="criterion.betweenValue">
                  and ${criterion.condition} #{criterion.value} and #{criterion.secondValue}
                </when>
                <when test="criterion.listValue">
                  and ${criterion.condition}
                  <foreach close=")" collection="criterion.value" item="listItem" open="(" separator=",">
                    #{listItem}
                  </foreach>
                </when>
              </choose>
            </foreach>
          </trim>
        </if>
      </foreach>
    </where>
  </sql>
  <sql id="Base_Column_List">
    id, prefrence_area_id, product_id
  </sql>
  <select id="selectByExample" parameterType="com.xj.mall.model.CmsPrefrenceAreaProductRelationExample" resultMap="BaseResultMap">
    select
    <if test="distinct">
      distinct
    </if>
    <include refid="Base_Column_List" />
    from cms_prefrence_area_product_relation
    <if test="_parameter != null">
      <include refid="Example_Where_Clause" />
    </if>
    <if test="orderByClause != null">
      order by ${orderByClause}
    </if>
  </select>
  <select id="selectByPrimaryKey" parameterType="java.lang.Long" resultMap="BaseResultMap">
    select 
    <include refid="Base_Column_List" />
    from cms_prefrence_area_product_relation
    where id = #{id,jdbcType=BIGINT}
  </select>
  <delete id="deleteByPrimaryKey" parameterType="java.lang.Long">
    delete from cms_prefrence_area_product_relation
    where id = #{id,jdbcType=BIGINT}
  </delete>
  <delete id="deleteByExample" parameterType="com.xj.mall.model.CmsPrefrenceAreaProductRelationExample">
    delete from cms_prefrence_area_product_relation
    <if test="_parameter != null">
      <include refid="Example_Where_Clause" />
    </if>
  </delete>
  <insert id="insert" parameterType="com.xj.mall.model.CmsPrefrenceAreaProductRelation">
    <selectKey keyProperty="id" order="AFTER" resultType="java.lang.Long">
      SELECT LAST_INSERT_ID()
    </selectKey>
    insert into cms_prefrence_area_product_relation (prefrence_area_id, product_id)
    values (#{prefrenceAreaId,jdbcType=BIGINT}, #{productId,jdbcType=BIGINT})
  </insert>
  <insert id="insertSelective" parameterType="com.xj.mall.model.CmsPrefrenceAreaProductRelation">
    <selectKey keyProperty="id" order="AFTER" resultType="java.lang.Long">
      SELECT LAST_INSERT_ID()
    </selectKey>
    insert into cms_prefrence_area_product_relation
    <trim prefix="(" suffix=")" suffixOverrides=",">
      <if test="prefrenceAreaId != null">
        prefrence_area_id,
      </if>
      <if test="productId != null">
        product_id,
      </if>
    </trim>
    <trim prefix="values (" suffix=")" suffixOverrides=",">
      <if test="prefrenceAreaId != null">
        #{prefrenceAreaId,jdbcType=BIGINT},
      </if>
      <if test="productId != null">
        #{productId,jdbcType=BIGINT},
      </if>
    </trim>
  </insert>
  <select id="countByExample" parameterType="com.xj.mall.model.CmsPrefrenceAreaProductRelationExample" resultType="java.lang.Long">
    select count(*) from cms_prefrence_area_product_relation
    <if test="_parameter != null">
      <include refid="Example_Where_Clause" />
    </if>
  </select>
  <update id="updateByExampleSelective" parameterType="map">
    update cms_prefrence_area_product_relation
    <set>
      <if test="record.id != null">
        id = #{record.id,jdbcType=BIGINT},
      </if>
      <if test="record.prefrenceAreaId != null">
        prefrence_area_id = #{record.prefrenceAreaId,jdbcType=BIGINT},
      </if>
      <if test="record.productId != null">
        product_id = #{record.productId,jdbcType=BIGINT},
      </if>
    </set>
    <if test="_parameter != null">
      <include refid="Update_By_Example_Where_Clause" />
    </if>
  </update>
  <update id="updateByExample" parameterType="map">
    update cms_prefrence_area_product_relation
    set id = #{record.id,jdbcType=BIGINT},
      prefrence_area_id = #{record.prefrenceAreaId,jdbcType=BIGINT},
      product_id = #{record.productId,jdbcType=BIGINT}
    <if test="_parameter != null">
      <include refid="Update_By_Example_Where_Clause" />
    </if>
  </update>
  <update id="updateByPrimaryKeySelective" parameterType="com.xj.mall.model.CmsPrefrenceAreaProductRelation">
    update cms_prefrence_area_product_relation
    <set>
      <if test="prefrenceAreaId != null">
        prefrence_area_id = #{prefrenceAreaId,jdbcType=BIGINT},
      </if>
      <if test="productId != null">
        product_id = #{productId,jdbcType=BIGINT},
      </if>
    </set>
    where id = #{id,jdbcType=BIGINT}
  </update>
  <update id="updateByPrimaryKey" parameterType="com.xj.mall.model.CmsPrefrenceAreaProductRelation">
    update cms_prefrence_area_product_relation
    set prefrence_area_id = #{prefrenceAreaId,jdbcType=BIGINT},
      product_id = #{productId,jdbcType=BIGINT}
    where id = #{id,jdbcType=BIGINT}
  </update>
</mapper>