<?xml version="1.0" encoding="UTF-8"?>
<!DOCTYPE mapper PUBLIC "-//mybatis.org//DTD Mapper 3.0//EN" "http://mybatis.org/dtd/mybatis-3-mapper.dtd">
<mapper namespace="com.xj.mall.mapper.OmsOrderOperateHistoryMapper">
  <resultMap id="BaseResultMap" type="com.xj.mall.model.OmsOrderOperateHistory">
    <id column="id" jdbcType="BIGINT" property="id" />
    <result column="order_id" jdbcType="BIGINT" property="orderId" />
    <result column="operate_man" jdbcType="VARCHAR" property="operateMan" />
    <result column="create_time" jdbcType="TIMESTAMP" property="createTime" />
    <result column="order_status" jdbcType="INTEGER" property="orderStatus" />
    <result column="note" jdbcType="VARCHAR" property="note" />
  </resultMap>
  <sql id="Example_Where_Clause">
    <where>
      <foreach collection="oredCriteria" item="criteria" separator="or">
        <if test="criteria.valid">
          <trim prefix="(" prefixOverrides="and" suffix=")">
            <foreach collection="criteria.criteria" item="criterion">
              <choose>
                <when test="criterion.noValue">
                  and ${criterion.condition}
                </when>
                <when test="criterion.singleValue">
                  and ${criterion.condition} #{criterion.value}
                </when>
                <when test="criterion.betweenValue">
                  and ${criterion.condition} #{criterion.value} and #{criterion.secondValue}
                </when>
                <when test="criterion.listValue">
                  and ${criterion.condition}
                  <foreach close=")" collection="criterion.value" item="listItem" open="(" separator=",">
                    #{listItem}
                  </foreach>
                </when>
              </choose>
            </foreach>
          </trim>
        </if>
      </foreach>
    </where>
  </sql>
  <sql id="Update_By_Example_Where_Clause">
    <where>
      <foreach collection="example.oredCriteria" item="criteria" separator="or">
        <if test="criteria.valid">
          <trim prefix="(" prefixOverrides="and" suffix=")">
            <foreach collection="criteria.criteria" item="criterion">
              <choose>
                <when test="criterion.noValue">
                  and ${criterion.condition}
                </when>
                <when test="criterion.singleValue">
                  and ${criterion.condition} #{criterion.value}
                </when>
                <when test="criterion.betweenValue">
                  and ${criterion.condition} #{criterion.value} and #{criterion.secondValue}
                </when>
                <when test="criterion.listValue">
                  and ${criterion.condition}
                  <foreach close=")" collection="criterion.value" item="listItem" open="(" separator=",">
                    #{listItem}
                  </foreach>
                </when>
              </choose>
            </foreach>
          </trim>
        </if>
      </foreach>
    </where>
  </sql>
  <sql id="Base_Column_List">
    id, order_id, operate_man, create_time, order_status, note
  </sql>
  <select id="selectByExample" parameterType="com.xj.mall.model.OmsOrderOperateHistoryExample" resultMap="BaseResultMap">
    select
    <if test="distinct">
      distinct
    </if>
    <include refid="Base_Column_List" />
    from oms_order_operate_history
    <if test="_parameter != null">
      <include refid="Example_Where_Clause" />
    </if>
    <if test="orderByClause != null">
      order by ${orderByClause}
    </if>
  </select>
  <select id="selectByPrimaryKey" parameterType="java.lang.Long" resultMap="BaseResultMap">
    select 
    <include refid="Base_Column_List" />
    from oms_order_operate_history
    where id = #{id,jdbcType=BIGINT}
  </select>
  <delete id="deleteByPrimaryKey" parameterType="java.lang.Long">
    delete from oms_order_operate_history
    where id = #{id,jdbcType=BIGINT}
  </delete>
  <delete id="deleteByExample" parameterType="com.xj.mall.model.OmsOrderOperateHistoryExample">
    delete from oms_order_operate_history
    <if test="_parameter != null">
      <include refid="Example_Where_Clause" />
    </if>
  </delete>
  <insert id="insert" parameterType="com.xj.mall.model.OmsOrderOperateHistory">
    <selectKey keyProperty="id" order="AFTER" resultType="java.lang.Long">
      SELECT LAST_INSERT_ID()
    </selectKey>
    insert into oms_order_operate_history (order_id, operate_man, create_time, 
      order_status, note)
    values (#{orderId,jdbcType=BIGINT}, #{operateMan,jdbcType=VARCHAR}, #{createTime,jdbcType=TIMESTAMP}, 
      #{orderStatus,jdbcType=INTEGER}, #{note,jdbcType=VARCHAR})
  </insert>
  <insert id="insertSelective" parameterType="com.xj.mall.model.OmsOrderOperateHistory">
    <selectKey keyProperty="id" order="AFTER" resultType="java.lang.Long">
      SELECT LAST_INSERT_ID()
    </selectKey>
    insert into oms_order_operate_history
    <trim prefix="(" suffix=")" suffixOverrides=",">
      <if test="orderId != null">
        order_id,
      </if>
      <if test="operateMan != null">
        operate_man,
      </if>
      <if test="createTime != null">
        create_time,
      </if>
      <if test="orderStatus != null">
        order_status,
      </if>
      <if test="note != null">
        note,
      </if>
    </trim>
    <trim prefix="values (" suffix=")" suffixOverrides=",">
      <if test="orderId != null">
        #{orderId,jdbcType=BIGINT},
      </if>
      <if test="operateMan != null">
        #{operateMan,jdbcType=VARCHAR},
      </if>
      <if test="createTime != null">
        #{createTime,jdbcType=TIMESTAMP},
      </if>
      <if test="orderStatus != null">
        #{orderStatus,jdbcType=INTEGER},
      </if>
      <if test="note != null">
        #{note,jdbcType=VARCHAR},
      </if>
    </trim>
  </insert>
  <select id="countByExample" parameterType="com.xj.mall.model.OmsOrderOperateHistoryExample" resultType="java.lang.Long">
    select count(*) from oms_order_operate_history
    <if test="_parameter != null">
      <include refid="Example_Where_Clause" />
    </if>
  </select>
  <update id="updateByExampleSelective" parameterType="map">
    update oms_order_operate_history
    <set>
      <if test="record.id != null">
        id = #{record.id,jdbcType=BIGINT},
      </if>
      <if test="record.orderId != null">
        order_id = #{record.orderId,jdbcType=BIGINT},
      </if>
      <if test="record.operateMan != null">
        operate_man = #{record.operateMan,jdbcType=VARCHAR},
      </if>
      <if test="record.createTime != null">
        create_time = #{record.createTime,jdbcType=TIMESTAMP},
      </if>
      <if test="record.orderStatus != null">
        order_status = #{record.orderStatus,jdbcType=INTEGER},
      </if>
      <if test="record.note != null">
        note = #{record.note,jdbcType=VARCHAR},
      </if>
    </set>
    <if test="_parameter != null">
      <include refid="Update_By_Example_Where_Clause" />
    </if>
  </update>
  <update id="updateByExample" parameterType="map">
    update oms_order_operate_history
    set id = #{record.id,jdbcType=BIGINT},
      order_id = #{record.orderId,jdbcType=BIGINT},
      operate_man = #{record.operateMan,jdbcType=VARCHAR},
      create_time = #{record.createTime,jdbcType=TIMESTAMP},
      order_status = #{record.orderStatus,jdbcType=INTEGER},
      note = #{record.note,jdbcType=VARCHAR}
    <if test="_parameter != null">
      <include refid="Update_By_Example_Where_Clause" />
    </if>
  </update>
  <update id="updateByPrimaryKeySelective" parameterType="com.xj.mall.model.OmsOrderOperateHistory">
    update oms_order_operate_history
    <set>
      <if test="orderId != null">
        order_id = #{orderId,jdbcType=BIGINT},
      </if>
      <if test="operateMan != null">
        operate_man = #{operateMan,jdbcType=VARCHAR},
      </if>
      <if test="createTime != null">
        create_time = #{createTime,jdbcType=TIMESTAMP},
      </if>
      <if test="orderStatus != null">
        order_status = #{orderStatus,jdbcType=INTEGER},
      </if>
      <if test="note != null">
        note = #{note,jdbcType=VARCHAR},
      </if>
    </set>
    where id = #{id,jdbcType=BIGINT}
  </update>
  <update id="updateByPrimaryKey" parameterType="com.xj.mall.model.OmsOrderOperateHistory">
    update oms_order_operate_history
    set order_id = #{orderId,jdbcType=BIGINT},
      operate_man = #{operateMan,jdbcType=VARCHAR},
      create_time = #{createTime,jdbcType=TIMESTAMP},
      order_status = #{orderStatus,jdbcType=INTEGER},
      note = #{note,jdbcType=VARCHAR}
    where id = #{id,jdbcType=BIGINT}
  </update>
</mapper>