<?xml version="1.0" encoding="UTF-8"?>
<!DOCTYPE mapper PUBLIC "-//mybatis.org//DTD Mapper 3.0//EN" "http://mybatis.org/dtd/mybatis-3-mapper.dtd">
<mapper namespace="com.xj.mall.mapper.PmsMemberPriceMapper">
  <resultMap id="BaseResultMap" type="com.xj.mall.model.PmsMemberPrice">
    <id column="id" jdbcType="BIGINT" property="id" />
    <result column="product_id" jdbcType="BIGINT" property="productId" />
    <result column="member_level_id" jdbcType="BIGINT" property="memberLevelId" />
    <result column="member_price" jdbcType="DECIMAL" property="memberPrice" />
    <result column="member_level_name" jdbcType="VARCHAR" property="memberLevelName" />
  </resultMap>
  <sql id="Example_Where_Clause">
    <where>
      <foreach collection="oredCriteria" item="criteria" separator="or">
        <if test="criteria.valid">
          <trim prefix="(" prefixOverrides="and" suffix=")">
            <foreach collection="criteria.criteria" item="criterion">
              <choose>
                <when test="criterion.noValue">
                  and ${criterion.condition}
                </when>
                <when test="criterion.singleValue">
                  and ${criterion.condition} #{criterion.value}
                </when>
                <when test="criterion.betweenValue">
                  and ${criterion.condition} #{criterion.value} and #{criterion.secondValue}
                </when>
                <when test="criterion.listValue">
                  and ${criterion.condition}
                  <foreach close=")" collection="criterion.value" item="listItem" open="(" separator=",">
                    #{listItem}
                  </foreach>
                </when>
              </choose>
            </foreach>
          </trim>
        </if>
      </foreach>
    </where>
  </sql>
  <sql id="Update_By_Example_Where_Clause">
    <where>
      <foreach collection="example.oredCriteria" item="criteria" separator="or">
        <if test="criteria.valid">
          <trim prefix="(" prefixOverrides="and" suffix=")">
            <foreach collection="criteria.criteria" item="criterion">
              <choose>
                <when test="criterion.noValue">
                  and ${criterion.condition}
                </when>
                <when test="criterion.singleValue">
                  and ${criterion.condition} #{criterion.value}
                </when>
                <when test="criterion.betweenValue">
                  and ${criterion.condition} #{criterion.value} and #{criterion.secondValue}
                </when>
                <when test="criterion.listValue">
                  and ${criterion.condition}
                  <foreach close=")" collection="criterion.value" item="listItem" open="(" separator=",">
                    #{listItem}
                  </foreach>
                </when>
              </choose>
            </foreach>
          </trim>
        </if>
      </foreach>
    </where>
  </sql>
  <sql id="Base_Column_List">
    id, product_id, member_level_id, member_price, member_level_name
  </sql>
  <select id="selectByExample" parameterType="com.xj.mall.model.PmsMemberPriceExample" resultMap="BaseResultMap">
    select
    <if test="distinct">
      distinct
    </if>
    <include refid="Base_Column_List" />
    from pms_member_price
    <if test="_parameter != null">
      <include refid="Example_Where_Clause" />
    </if>
    <if test="orderByClause != null">
      order by ${orderByClause}
    </if>
  </select>
  <select id="selectByPrimaryKey" parameterType="java.lang.Long" resultMap="BaseResultMap">
    select 
    <include refid="Base_Column_List" />
    from pms_member_price
    where id = #{id,jdbcType=BIGINT}
  </select>
  <delete id="deleteByPrimaryKey" parameterType="java.lang.Long">
    delete from pms_member_price
    where id = #{id,jdbcType=BIGINT}
  </delete>
  <delete id="deleteByExample" parameterType="com.xj.mall.model.PmsMemberPriceExample">
    delete from pms_member_price
    <if test="_parameter != null">
      <include refid="Example_Where_Clause" />
    </if>
  </delete>
  <insert id="insert" parameterType="com.xj.mall.model.PmsMemberPrice">
    <selectKey keyProperty="id" order="AFTER" resultType="java.lang.Long">
      SELECT LAST_INSERT_ID()
    </selectKey>
    insert into pms_member_price (product_id, member_level_id, member_price, 
      member_level_name)
    values (#{productId,jdbcType=BIGINT}, #{memberLevelId,jdbcType=BIGINT}, #{memberPrice,jdbcType=DECIMAL}, 
      #{memberLevelName,jdbcType=VARCHAR})
  </insert>
  <insert id="insertSelective" parameterType="com.xj.mall.model.PmsMemberPrice">
    <selectKey keyProperty="id" order="AFTER" resultType="java.lang.Long">
      SELECT LAST_INSERT_ID()
    </selectKey>
    insert into pms_member_price
    <trim prefix="(" suffix=")" suffixOverrides=",">
      <if test="productId != null">
        product_id,
      </if>
      <if test="memberLevelId != null">
        member_level_id,
      </if>
      <if test="memberPrice != null">
        member_price,
      </if>
      <if test="memberLevelName != null">
        member_level_name,
      </if>
    </trim>
    <trim prefix="values (" suffix=")" suffixOverrides=",">
      <if test="productId != null">
        #{productId,jdbcType=BIGINT},
      </if>
      <if test="memberLevelId != null">
        #{memberLevelId,jdbcType=BIGINT},
      </if>
      <if test="memberPrice != null">
        #{memberPrice,jdbcType=DECIMAL},
      </if>
      <if test="memberLevelName != null">
        #{memberLevelName,jdbcType=VARCHAR},
      </if>
    </trim>
  </insert>
  <select id="countByExample" parameterType="com.xj.mall.model.PmsMemberPriceExample" resultType="java.lang.Long">
    select count(*) from pms_member_price
    <if test="_parameter != null">
      <include refid="Example_Where_Clause" />
    </if>
  </select>
  <update id="updateByExampleSelective" parameterType="map">
    update pms_member_price
    <set>
      <if test="record.id != null">
        id = #{record.id,jdbcType=BIGINT},
      </if>
      <if test="record.productId != null">
        product_id = #{record.productId,jdbcType=BIGINT},
      </if>
      <if test="record.memberLevelId != null">
        member_level_id = #{record.memberLevelId,jdbcType=BIGINT},
      </if>
      <if test="record.memberPrice != null">
        member_price = #{record.memberPrice,jdbcType=DECIMAL},
      </if>
      <if test="record.memberLevelName != null">
        member_level_name = #{record.memberLevelName,jdbcType=VARCHAR},
      </if>
    </set>
    <if test="_parameter != null">
      <include refid="Update_By_Example_Where_Clause" />
    </if>
  </update>
  <update id="updateByExample" parameterType="map">
    update pms_member_price
    set id = #{record.id,jdbcType=BIGINT},
      product_id = #{record.productId,jdbcType=BIGINT},
      member_level_id = #{record.memberLevelId,jdbcType=BIGINT},
      member_price = #{record.memberPrice,jdbcType=DECIMAL},
      member_level_name = #{record.memberLevelName,jdbcType=VARCHAR}
    <if test="_parameter != null">
      <include refid="Update_By_Example_Where_Clause" />
    </if>
  </update>
  <update id="updateByPrimaryKeySelective" parameterType="com.xj.mall.model.PmsMemberPrice">
    update pms_member_price
    <set>
      <if test="productId != null">
        product_id = #{productId,jdbcType=BIGINT},
      </if>
      <if test="memberLevelId != null">
        member_level_id = #{memberLevelId,jdbcType=BIGINT},
      </if>
      <if test="memberPrice != null">
        member_price = #{memberPrice,jdbcType=DECIMAL},
      </if>
      <if test="memberLevelName != null">
        member_level_name = #{memberLevelName,jdbcType=VARCHAR},
      </if>
    </set>
    where id = #{id,jdbcType=BIGINT}
  </update>
  <update id="updateByPrimaryKey" parameterType="com.xj.mall.model.PmsMemberPrice">
    update pms_member_price
    set product_id = #{productId,jdbcType=BIGINT},
      member_level_id = #{memberLevelId,jdbcType=BIGINT},
      member_price = #{memberPrice,jdbcType=DECIMAL},
      member_level_name = #{memberLevelName,jdbcType=VARCHAR}
    where id = #{id,jdbcType=BIGINT}
  </update>
</mapper>