<?xml version="1.0" encoding="UTF-8"?>
<!DOCTYPE mapper PUBLIC "-//mybatis.org//DTD Mapper 3.0//EN" "http://mybatis.org/dtd/mybatis-3-mapper.dtd">
<mapper namespace="com.xj.mall.mapper.PmsProductLadderMapper">
  <resultMap id="BaseResultMap" type="com.xj.mall.model.PmsProductLadder">
    <id column="id" jdbcType="BIGINT" property="id" />
    <result column="product_id" jdbcType="BIGINT" property="productId" />
    <result column="count" jdbcType="INTEGER" property="count" />
    <result column="discount" jdbcType="DECIMAL" property="discount" />
    <result column="price" jdbcType="DECIMAL" property="price" />
  </resultMap>
  <sql id="Example_Where_Clause">
    <where>
      <foreach collection="oredCriteria" item="criteria" separator="or">
        <if test="criteria.valid">
          <trim prefix="(" prefixOverrides="and" suffix=")">
            <foreach collection="criteria.criteria" item="criterion">
              <choose>
                <when test="criterion.noValue">
                  and ${criterion.condition}
                </when>
                <when test="criterion.singleValue">
                  and ${criterion.condition} #{criterion.value}
                </when>
                <when test="criterion.betweenValue">
                  and ${criterion.condition} #{criterion.value} and #{criterion.secondValue}
                </when>
                <when test="criterion.listValue">
                  and ${criterion.condition}
                  <foreach close=")" collection="criterion.value" item="listItem" open="(" separator=",">
                    #{listItem}
                  </foreach>
                </when>
              </choose>
            </foreach>
          </trim>
        </if>
      </foreach>
    </where>
  </sql>
  <sql id="Update_By_Example_Where_Clause">
    <where>
      <foreach collection="example.oredCriteria" item="criteria" separator="or">
        <if test="criteria.valid">
          <trim prefix="(" prefixOverrides="and" suffix=")">
            <foreach collection="criteria.criteria" item="criterion">
              <choose>
                <when test="criterion.noValue">
                  and ${criterion.condition}
                </when>
                <when test="criterion.singleValue">
                  and ${criterion.condition} #{criterion.value}
                </when>
                <when test="criterion.betweenValue">
                  and ${criterion.condition} #{criterion.value} and #{criterion.secondValue}
                </when>
                <when test="criterion.listValue">
                  and ${criterion.condition}
                  <foreach close=")" collection="criterion.value" item="listItem" open="(" separator=",">
                    #{listItem}
                  </foreach>
                </when>
              </choose>
            </foreach>
          </trim>
        </if>
      </foreach>
    </where>
  </sql>
  <sql id="Base_Column_List">
    id, product_id, count, discount, price
  </sql>
  <select id="selectByExample" parameterType="com.xj.mall.model.PmsProductLadderExample" resultMap="BaseResultMap">
    select
    <if test="distinct">
      distinct
    </if>
    <include refid="Base_Column_List" />
    from pms_product_ladder
    <if test="_parameter != null">
      <include refid="Example_Where_Clause" />
    </if>
    <if test="orderByClause != null">
      order by ${orderByClause}
    </if>
  </select>
  <select id="selectByPrimaryKey" parameterType="java.lang.Long" resultMap="BaseResultMap">
    select 
    <include refid="Base_Column_List" />
    from pms_product_ladder
    where id = #{id,jdbcType=BIGINT}
  </select>
  <delete id="deleteByPrimaryKey" parameterType="java.lang.Long">
    delete from pms_product_ladder
    where id = #{id,jdbcType=BIGINT}
  </delete>
  <delete id="deleteByExample" parameterType="com.xj.mall.model.PmsProductLadderExample">
    delete from pms_product_ladder
    <if test="_parameter != null">
      <include refid="Example_Where_Clause" />
    </if>
  </delete>
  <insert id="insert" parameterType="com.xj.mall.model.PmsProductLadder">
    <selectKey keyProperty="id" order="AFTER" resultType="java.lang.Long">
      SELECT LAST_INSERT_ID()
    </selectKey>
    insert into pms_product_ladder (product_id, count, discount, 
      price)
    values (#{productId,jdbcType=BIGINT}, #{count,jdbcType=INTEGER}, #{discount,jdbcType=DECIMAL}, 
      #{price,jdbcType=DECIMAL})
  </insert>
  <insert id="insertSelective" parameterType="com.xj.mall.model.PmsProductLadder">
    <selectKey keyProperty="id" order="AFTER" resultType="java.lang.Long">
      SELECT LAST_INSERT_ID()
    </selectKey>
    insert into pms_product_ladder
    <trim prefix="(" suffix=")" suffixOverrides=",">
      <if test="productId != null">
        product_id,
      </if>
      <if test="count != null">
        count,
      </if>
      <if test="discount != null">
        discount,
      </if>
      <if test="price != null">
        price,
      </if>
    </trim>
    <trim prefix="values (" suffix=")" suffixOverrides=",">
      <if test="productId != null">
        #{productId,jdbcType=BIGINT},
      </if>
      <if test="count != null">
        #{count,jdbcType=INTEGER},
      </if>
      <if test="discount != null">
        #{discount,jdbcType=DECIMAL},
      </if>
      <if test="price != null">
        #{price,jdbcType=DECIMAL},
      </if>
    </trim>
  </insert>
  <select id="countByExample" parameterType="com.xj.mall.model.PmsProductLadderExample" resultType="java.lang.Long">
    select count(*) from pms_product_ladder
    <if test="_parameter != null">
      <include refid="Example_Where_Clause" />
    </if>
  </select>
  <update id="updateByExampleSelective" parameterType="map">
    update pms_product_ladder
    <set>
      <if test="record.id != null">
        id = #{record.id,jdbcType=BIGINT},
      </if>
      <if test="record.productId != null">
        product_id = #{record.productId,jdbcType=BIGINT},
      </if>
      <if test="record.count != null">
        count = #{record.count,jdbcType=INTEGER},
      </if>
      <if test="record.discount != null">
        discount = #{record.discount,jdbcType=DECIMAL},
      </if>
      <if test="record.price != null">
        price = #{record.price,jdbcType=DECIMAL},
      </if>
    </set>
    <if test="_parameter != null">
      <include refid="Update_By_Example_Where_Clause" />
    </if>
  </update>
  <update id="updateByExample" parameterType="map">
    update pms_product_ladder
    set id = #{record.id,jdbcType=BIGINT},
      product_id = #{record.productId,jdbcType=BIGINT},
      count = #{record.count,jdbcType=INTEGER},
      discount = #{record.discount,jdbcType=DECIMAL},
      price = #{record.price,jdbcType=DECIMAL}
    <if test="_parameter != null">
      <include refid="Update_By_Example_Where_Clause" />
    </if>
  </update>
  <update id="updateByPrimaryKeySelective" parameterType="com.xj.mall.model.PmsProductLadder">
    update pms_product_ladder
    <set>
      <if test="productId != null">
        product_id = #{productId,jdbcType=BIGINT},
      </if>
      <if test="count != null">
        count = #{count,jdbcType=INTEGER},
      </if>
      <if test="discount != null">
        discount = #{discount,jdbcType=DECIMAL},
      </if>
      <if test="price != null">
        price = #{price,jdbcType=DECIMAL},
      </if>
    </set>
    where id = #{id,jdbcType=BIGINT}
  </update>
  <update id="updateByPrimaryKey" parameterType="com.xj.mall.model.PmsProductLadder">
    update pms_product_ladder
    set product_id = #{productId,jdbcType=BIGINT},
      count = #{count,jdbcType=INTEGER},
      discount = #{discount,jdbcType=DECIMAL},
      price = #{price,jdbcType=DECIMAL}
    where id = #{id,jdbcType=BIGINT}
  </update>
</mapper>