<?xml version="1.0" encoding="UTF-8"?>
<!DOCTYPE mapper PUBLIC "-//mybatis.org//DTD Mapper 3.0//EN" "http://mybatis.org/dtd/mybatis-3-mapper.dtd">
<mapper namespace="com.xj.mall.mapper.SmsCouponProductRelationMapper">
  <resultMap id="BaseResultMap" type="com.xj.mall.model.SmsCouponProductRelation">
    <id column="id" jdbcType="BIGINT" property="id" />
    <result column="coupon_id" jdbcType="BIGINT" property="couponId" />
    <result column="product_id" jdbcType="BIGINT" property="productId" />
    <result column="product_name" jdbcType="VARCHAR" property="productName" />
    <result column="product_sn" jdbcType="VARCHAR" property="productSn" />
  </resultMap>
  <sql id="Example_Where_Clause">
    <where>
      <foreach collection="oredCriteria" item="criteria" separator="or">
        <if test="criteria.valid">
          <trim prefix="(" prefixOverrides="and" suffix=")">
            <foreach collection="criteria.criteria" item="criterion">
              <choose>
                <when test="criterion.noValue">
                  and ${criterion.condition}
                </when>
                <when test="criterion.singleValue">
                  and ${criterion.condition} #{criterion.value}
                </when>
                <when test="criterion.betweenValue">
                  and ${criterion.condition} #{criterion.value} and #{criterion.secondValue}
                </when>
                <when test="criterion.listValue">
                  and ${criterion.condition}
                  <foreach close=")" collection="criterion.value" item="listItem" open="(" separator=",">
                    #{listItem}
                  </foreach>
                </when>
              </choose>
            </foreach>
          </trim>
        </if>
      </foreach>
    </where>
  </sql>
  <sql id="Update_By_Example_Where_Clause">
    <where>
      <foreach collection="example.oredCriteria" item="criteria" separator="or">
        <if test="criteria.valid">
          <trim prefix="(" prefixOverrides="and" suffix=")">
            <foreach collection="criteria.criteria" item="criterion">
              <choose>
                <when test="criterion.noValue">
                  and ${criterion.condition}
                </when>
                <when test="criterion.singleValue">
                  and ${criterion.condition} #{criterion.value}
                </when>
                <when test="criterion.betweenValue">
                  and ${criterion.condition} #{criterion.value} and #{criterion.secondValue}
                </when>
                <when test="criterion.listValue">
                  and ${criterion.condition}
                  <foreach close=")" collection="criterion.value" item="listItem" open="(" separator=",">
                    #{listItem}
                  </foreach>
                </when>
              </choose>
            </foreach>
          </trim>
        </if>
      </foreach>
    </where>
  </sql>
  <sql id="Base_Column_List">
    id, coupon_id, product_id, product_name, product_sn
  </sql>
  <select id="selectByExample" parameterType="com.xj.mall.model.SmsCouponProductRelationExample" resultMap="BaseResultMap">
    select
    <if test="distinct">
      distinct
    </if>
    <include refid="Base_Column_List" />
    from sms_coupon_product_relation
    <if test="_parameter != null">
      <include refid="Example_Where_Clause" />
    </if>
    <if test="orderByClause != null">
      order by ${orderByClause}
    </if>
  </select>
  <select id="selectByPrimaryKey" parameterType="java.lang.Long" resultMap="BaseResultMap">
    select 
    <include refid="Base_Column_List" />
    from sms_coupon_product_relation
    where id = #{id,jdbcType=BIGINT}
  </select>
  <delete id="deleteByPrimaryKey" parameterType="java.lang.Long">
    delete from sms_coupon_product_relation
    where id = #{id,jdbcType=BIGINT}
  </delete>
  <delete id="deleteByExample" parameterType="com.xj.mall.model.SmsCouponProductRelationExample">
    delete from sms_coupon_product_relation
    <if test="_parameter != null">
      <include refid="Example_Where_Clause" />
    </if>
  </delete>
  <insert id="insert" parameterType="com.xj.mall.model.SmsCouponProductRelation">
    <selectKey keyProperty="id" order="AFTER" resultType="java.lang.Long">
      SELECT LAST_INSERT_ID()
    </selectKey>
    insert into sms_coupon_product_relation (coupon_id, product_id, product_name, 
      product_sn)
    values (#{couponId,jdbcType=BIGINT}, #{productId,jdbcType=BIGINT}, #{productName,jdbcType=VARCHAR}, 
      #{productSn,jdbcType=VARCHAR})
  </insert>
  <insert id="insertSelective" parameterType="com.xj.mall.model.SmsCouponProductRelation">
    <selectKey keyProperty="id" order="AFTER" resultType="java.lang.Long">
      SELECT LAST_INSERT_ID()
    </selectKey>
    insert into sms_coupon_product_relation
    <trim prefix="(" suffix=")" suffixOverrides=",">
      <if test="couponId != null">
        coupon_id,
      </if>
      <if test="productId != null">
        product_id,
      </if>
      <if test="productName != null">
        product_name,
      </if>
      <if test="productSn != null">
        product_sn,
      </if>
    </trim>
    <trim prefix="values (" suffix=")" suffixOverrides=",">
      <if test="couponId != null">
        #{couponId,jdbcType=BIGINT},
      </if>
      <if test="productId != null">
        #{productId,jdbcType=BIGINT},
      </if>
      <if test="productName != null">
        #{productName,jdbcType=VARCHAR},
      </if>
      <if test="productSn != null">
        #{productSn,jdbcType=VARCHAR},
      </if>
    </trim>
  </insert>
  <select id="countByExample" parameterType="com.xj.mall.model.SmsCouponProductRelationExample" resultType="java.lang.Long">
    select count(*) from sms_coupon_product_relation
    <if test="_parameter != null">
      <include refid="Example_Where_Clause" />
    </if>
  </select>
  <update id="updateByExampleSelective" parameterType="map">
    update sms_coupon_product_relation
    <set>
      <if test="record.id != null">
        id = #{record.id,jdbcType=BIGINT},
      </if>
      <if test="record.couponId != null">
        coupon_id = #{record.couponId,jdbcType=BIGINT},
      </if>
      <if test="record.productId != null">
        product_id = #{record.productId,jdbcType=BIGINT},
      </if>
      <if test="record.productName != null">
        product_name = #{record.productName,jdbcType=VARCHAR},
      </if>
      <if test="record.productSn != null">
        product_sn = #{record.productSn,jdbcType=VARCHAR},
      </if>
    </set>
    <if test="_parameter != null">
      <include refid="Update_By_Example_Where_Clause" />
    </if>
  </update>
  <update id="updateByExample" parameterType="map">
    update sms_coupon_product_relation
    set id = #{record.id,jdbcType=BIGINT},
      coupon_id = #{record.couponId,jdbcType=BIGINT},
      product_id = #{record.productId,jdbcType=BIGINT},
      product_name = #{record.productName,jdbcType=VARCHAR},
      product_sn = #{record.productSn,jdbcType=VARCHAR}
    <if test="_parameter != null">
      <include refid="Update_By_Example_Where_Clause" />
    </if>
  </update>
  <update id="updateByPrimaryKeySelective" parameterType="com.xj.mall.model.SmsCouponProductRelation">
    update sms_coupon_product_relation
    <set>
      <if test="couponId != null">
        coupon_id = #{couponId,jdbcType=BIGINT},
      </if>
      <if test="productId != null">
        product_id = #{productId,jdbcType=BIGINT},
      </if>
      <if test="productName != null">
        product_name = #{productName,jdbcType=VARCHAR},
      </if>
      <if test="productSn != null">
        product_sn = #{productSn,jdbcType=VARCHAR},
      </if>
    </set>
    where id = #{id,jdbcType=BIGINT}
  </update>
  <update id="updateByPrimaryKey" parameterType="com.xj.mall.model.SmsCouponProductRelation">
    update sms_coupon_product_relation
    set coupon_id = #{couponId,jdbcType=BIGINT},
      product_id = #{productId,jdbcType=BIGINT},
      product_name = #{productName,jdbcType=VARCHAR},
      product_sn = #{productSn,jdbcType=VARCHAR}
    where id = #{id,jdbcType=BIGINT}
  </update>
</mapper>